{
  "calibration_iterations": 100,
  "clockface_chi_square": 129.00977134070732,
  "clockface_chi_square_empirical_p_value": 0.009900990099009901,
  "clockface_chi_square_p_value": 3.8938640361649064e-07,
  "clockface_max_share": 0.018699469272357522,
  "clockface_max_share_empirical_p_value": 0.009900990099009901,
  "fdr_alpha": 0.05,
  "max_abs_autocorr": 0.9134086526696983,
  "n_significant_autocorr_lags": 180,
  "n_significant_periods": 20,
  "strongest_period_minutes": 674.0
}