{
  "alphabetical_minute_ratio": 0.008060033351862146,
  "id_timestamp_corr": 0.9999999004256834,
  "max_bucket_alphabetical_ratio": 0.008060033351862146,
  "time_monotonic_breaks": 0
}